distance_km,duration_min,time_of_day,traffic_level,weather,demand_level,day_type,ride_price
8.116262258099887,31.865216170763137,Morning,Medium,Clear,High,Weekday,85.31772905451191
19.063571821788408,42.93916844087445,Afternoon,High,Rainy,Low,Weekday,133.70901569487296
14.907884894416696,37.04439658489865,Morning,Low,Rainy,Medium,Weekend,99.44529631805253
12.374511199743695,58.106529008002234,Morning,Low,Rainy,Low,Weekday,104.64115001716918
3.964354168406294,15.141007048325202,Afternoon,Low,Rainy,High,Weekend,48.29875016216183
3.96389588638785,8.037160237985866,Night,Low,Rainy,Low,Weekend,39.11269859256051
2.1035886311957896,4.847540414280223,Night,Low,Clear,Low,Weekend,14.799682515551693
17.457346769723767,69.6636349363811,Morning,Low,Rainy,Medium,Weekday,129.52656181407824
12.421185223120967,25.03098305767065,Afternoon,Low,Rainy,Medium,Weekday,81.49638812758828
14.453378978124864,35.87941708586242,Morning,Medium,Rainy,High,Weekday,119.24456428570684
1.3911053916202465,5.072250382096692,Evening,High,Clear,Low,Weekday,20.644088222167095
19.428287191077892,79.18359020285956,Evening,Low,Rainy,Low,Weekend,146.8947747127731
16.816410175208013,66.52376422483891,Morning,Medium,Rainy,Low,Weekend,128.04894235147765
5.034443102887247,13.456099440383495,Night,Medium,Clear,High,Weekend,47.564946160741435
4.4546743769349115,18.4269283412368,Night,High,Rainy,High,Weekday,67.08619718704287
4.484685687215243,12.161334135435812,Morning,Low,Clear,Medium,Weekend,27.912478390389165
6.780602616231217,20.180423366441172,Morning,High,Clear,Medium,Weekday,53.744181605243796
10.97037220101252,46.50861007902967,Evening,Low,Clear,Medium,Weekend,72.51059140444389
9.206955354200199,36.35733400284244,Night,Medium,Clear,Low,Weekday,65.7022450270142
6.533353663762797,29.711537968441416,Morning,Medium,Clear,Low,Weekday,38.9248322694736
12.62520499972521,50.15790272671257,Evening,Medium,Rainy,Medium,Weekend,97.6227667150369
3.6503833523887947,13.524399498682989,Night,Medium,Clear,Low,Weekend,23.611036430461397
6.550748322169145,14.942416128876673,Afternoon,High,Clear,Medium,Weekend,52.09787522253895
7.960875022580142,24.703768701111812,Evening,Low,Rainy,High,Weekend,69.91211779304824
9.665329700123683,27.020464362939272,Night,Low,Clear,Medium,Weekday,51.24009384189484
15.918343266467259,43.48841922324807,Night,High,Rainy,High,Weekend,132.58159940909263
4.793801861008835,23.580863146478208,Evening,Low,Rainy,Low,Weekend,38.52987753399779
10.770454329858621,34.242431931801285,Afternoon,Medium,Rainy,Medium,Weekend,70.07070419914133
12.255876808378806,57.31019167952577,Evening,Low,Clear,Low,Weekday,93.77439623012978
1.8825578416799567,7.329580592034695,Night,Medium,Clear,High,Weekday,36.083770640127334
12.54335218612733,54.99549867776821,Morning,High,Clear,High,Weekend,111.229753090648
4.239958350058539,14.87339771999861,Morning,Low,Rainy,High,Weekday,51.257636474184736
2.235980266720311,8.341797638897111,Evening,High,Clear,Low,Weekend,23.81187206965105
19.02882520781333,66.17374973793011,Night,Low,Clear,Low,Weekday,124.9365087981507
19.347008628416628,50.026120565533084,Morning,Medium,Clear,Low,Weekday,125.0667894942898
16.35954961421276,68.17607289896617,Night,High,Rainy,Low,Weekday,138.93649182269
6.787661614294043,19.29268658927144,Evening,Low,Rainy,High,Weekday,62.24161541977791
2.8557701661212933,5.919862766728645,Morning,Medium,Clear,High,Weekend,32.46261654944531
14.00042750373098,55.111519261007246,Night,High,Clear,Medium,Weekend,113.98056231882799
9.362897381052425,23.700602111234875,Morning,High,Clear,Medium,Weekend,72.10996897695442
3.3187264620507975,16.000827295166143,Evening,Low,Clear,Low,Weekday,28.7825331498395
10.408361292114133,50.60322241317401,Night,Low,Rainy,High,Weekend,107.18334420436973
1.6533819011891495,7.844624476877111,Morning,Low,Rainy,High,Weekend,41.963447606250554
18.27708763949686,56.85044429426674,Evening,Medium,Rainy,High,Weekend,147.95387349613299
5.916819650400321,12.108001338020758,Morning,Low,Rainy,Medium,Weekday,44.36278599491789
13.587923402725657,65.01761137076251,Morning,High,Clear,Medium,Weekday,108.53600761171909
6.9225104456988085,22.737348609625386,Afternoon,High,Clear,High,Weekday,71.49861535987266
10.881292402378406,53.31794601930388,Afternoon,Low,Clear,High,Weekend,93.39340159142714
11.387495307522313,55.6946445170605,Evening,Low,Rainy,High,Weekend,98.0223644310884
4.512234654985013,20.571405787939177,Afternoon,High,Clear,Medium,Weekend,41.44938083989445
19.422107927526614,56.000670337801616,Evening,Medium,Rainy,High,Weekday,149.89850602571997
15.727523643861176,49.62494818307439,Afternoon,Low,Rainy,High,Weekday,123.51374522201218
18.850479889719594,85.83396390893334,Morning,Low,Clear,Low,Weekend,136.20548246687162
18.001719658125328,53.11886258719344,Evening,High,Clear,Low,Weekday,125.7978460043897
12.360099597410617,31.005040885057607,Evening,Low,Clear,Medium,Weekday,84.08730230067633
18.51561046543922,67.95976677790924,Morning,Medium,Rainy,High,Weekday,147.76074934602622
2.6813575389864703,12.8932120620355,Evening,High,Clear,High,Weekday,51.63656063686737
4.723674385963759,19.310803139190917,Evening,Low,Rainy,Low,Weekend,27.71132104017438
1.8593184893002233,6.898412799338274,Afternoon,High,Clear,Medium,Weekday,29.485077752815435
7.181276284502022,16.45610631938528,Evening,Low,Rainy,Low,Weekday,58.62146515651587
8.384868504100158,32.24000118303188,Night,Low,Rainy,Low,Weekday,70.55561647896268
6.155631603704022,30.59448351461999,Morning,Low,Clear,Low,Weekday,36.01580975981125
16.746012673886657,40.5295714314526,Afternoon,Medium,Rainy,Low,Weekend,117.089284061272
7.778313207178196,27.6518175563152,Afternoon,Medium,Rainy,High,Weekend,75.46687893567233
6.337755684060235,29.357239889078837,Night,High,Clear,High,Weekday,58.720711165217296
11.31122558000672,47.75945397403617,Morning,Low,Rainy,Low,Weekday,94.92674342622517
3.6775602745204905,15.045072748439962,Morning,Low,Clear,Medium,Weekday,33.131203139567276
16.241742634326755,66.71218235914174,Afternoon,Medium,Rainy,Medium,Weekday,113.04224399187879
2.4164622299156457,7.439014826565588,Evening,Low,Clear,Medium,Weekday,16.67892393936159
19.75085179540983,56.89777060404682,Afternoon,Medium,Clear,Medium,Weekday,134.14609988629348
15.67265061663649,69.39980507074883,Morning,Low,Rainy,Low,Weekend,127.21396218584259
4.775597949149276,21.15752349692331,Night,High,Rainy,High,Weekday,71.63705675000566
1.1049202253484456,5.083977675613673,Afternoon,Low,Rainy,Medium,Weekend,2.830325565061525
16.49376714064185,78.1758653330563,Morning,Low,Rainy,Low,Weekend,133.20448220291647
14.430289533104725,50.9970356645564,Afternoon,Medium,Rainy,Medium,Weekday,104.5594460059321
14.851136192778759,52.04653277144962,Evening,Low,Clear,Medium,Weekend,105.25823499321108
15.65413658703297,68.79813847901342,Afternoon,Low,Rainy,Low,Weekend,121.95055946684067
2.4068483829477167,9.506790673195852,Afternoon,Medium,Clear,High,Weekend,31.688229199892184
7.81084884234118,32.070569196452915,Morning,High,Clear,High,Weekend,83.29404805697854
3.2015121309774646,14.04624391678278,Morning,High,Rainy,Low,Weekend,40.17111575791992
17.398965091636278,81.25344580423351,Morning,Medium,Clear,High,Weekend,142.50016196083845
12.8426644097236,38.707603934115696,Afternoon,Medium,Clear,Low,Weekday,80.79100402003203
7.2870624722003345,22.784814262542863,Evening,Medium,Clear,Low,Weekend,39.80067453635029
2.207608655434449,5.037643342410564,Night,Medium,Clear,Low,Weekend,16.396132317233885
6.908664112597582,25.802757996579572,Night,Medium,Rainy,High,Weekend,66.41454796292486
7.178483118508193,15.130999254088524,Morning,High,Clear,Low,Weekday,52.45395588938156
14.862517388423218,50.484910698373675,Morning,High,Rainy,Medium,Weekend,118.98991208357259
13.11359195574905,47.575244861093076,Afternoon,Medium,Rainy,High,Weekday,101.92949399146458
17.857042108950203,51.064421833518686,Night,Low,Clear,High,Weekend,120.51067694312623
9.972083578077036,37.6196831214599,Morning,Medium,Rainy,High,Weekday,90.17156656806911
3.272290672827732,6.843998395838862,Evening,Low,Rainy,High,Weekday,45.05626997355637
14.551650957236905,30.733735334164525,Evening,Medium,Rainy,Medium,Weekend,99.84531380651259
15.454915923721051,69.04949935884454,Morning,Medium,Clear,High,Weekend,118.842756818648
11.664266753820428,35.932612678592804,Morning,High,Rainy,High,Weekday,112.4707975304626
15.648376419136659,37.26162502822883,Night,Low,Rainy,Low,Weekend,103.64734651821603
10.382116330923424,37.03020349863586,Night,Low,Rainy,High,Weekday,89.00989717845266
10.931923758257888,47.116379966988106,Afternoon,High,Clear,Medium,Weekday,84.97504949448664
9.123279348812442,24.15354526722918,Night,High,Rainy,Medium,Weekday,79.70245603787764
1.4829634081378087,5.737098165026995,Evening,High,Clear,Medium,Weekday,21.653395048630397
3.049937112872785,6.880787428667881,Evening,High,Clear,Medium,Weekday,28.94161189247447
1.5971545280479509,3.4419401410411616,Morning,Low,Clear,High,Weekend,25.924221404799834
13.091797814011828,47.05275784011048,Night,Low,Clear,High,Weekday,108.62585687319535
6.972763640450207,25.254690037040394,Afternoon,Medium,Clear,Medium,Weekday,47.00566538375462
10.662843132129353,41.71613140647083,Evening,Medium,Clear,Medium,Weekend,74.44387579615336
18.243763004595767,76.22744064557281,Evening,High,Rainy,High,Weekday,168.02338904645424
5.736552353828624,28.267184337945327,Afternoon,High,Clear,Medium,Weekend,51.15842081679999
8.797275537676965,31.22066034796654,Afternoon,High,Rainy,Low,Weekend,80.68741083877151
15.355471632317926,45.588390140804115,Evening,Medium,Rainy,Medium,Weekend,105.05303082862598
5.347165144340827,23.450306000466338,Evening,Medium,Clear,Medium,Weekday,36.38164201487838
2.462618286747067,6.926105937290715,Afternoon,Medium,Rainy,Low,Weekday,23.255895618382507
6.505277605361592,21.577448068253595,Evening,Medium,Rainy,Low,Weekday,53.891476325868595
4.0632044578260835,9.082761870896562,Morning,Medium,Rainy,High,Weekend,53.82831303733404
18.66425539450889,38.747969037658066,Morning,Medium,Rainy,High,Weekday,136.17798780906733
16.35428721172392,79.93886039610832,Afternoon,Medium,Clear,Low,Weekend,114.24168170005605
13.034671373698046,58.759521184859366,Night,High,Rainy,Low,Weekday,115.7103489285896
17.557751213566636,71.77472831209137,Afternoon,High,Clear,High,Weekend,160.9453310946074
16.269769461083175,52.500249300320355,Afternoon,High,Rainy,Medium,Weekday,126.1423161109128
4.544831118834681,11.452442493395194,Night,High,Rainy,Low,Weekday,37.906538644973104
17.95862097130958,44.345422608227004,Night,Medium,Clear,High,Weekday,127.81408060801566
11.247502596397364,30.93882813330359,Night,Low,Rainy,Medium,Weekend,79.69186403271942
16.341362948117187,59.60806270247411,Morning,Medium,Rainy,Low,Weekend,119.07530187501105
18.025734698546373,74.69481895485558,Evening,Low,Rainy,Medium,Weekday,140.20313247004532
7.042066024465414,28.031592597006213,Morning,High,Clear,High,Weekday,81.1175003525088
3.090986566025858,8.777788876557244,Evening,Medium,Rainy,Low,Weekend,31.261755994413328
5.330768088296892,25.932032276939818,Morning,High,Clear,Medium,Weekend,48.95456615659903
9.11504798389887,38.407993376356615,Evening,Medium,Rainy,Low,Weekend,78.4076305295208
16.54228055252737,60.59540189127698,Morning,High,Clear,Medium,Weekday,115.53995550220415
17.353881081870526,66.5549494201332,Night,Low,Clear,High,Weekend,131.46659951574927
1.1320904800926233,3.6892566685475603,Afternoon,Low,Rainy,High,Weekday,27.481941841728247
10.704198748973749,29.363682741648457,Morning,Low,Rainy,Low,Weekend,76.04808187603331
8.930809059826801,27.398990190302104,Evening,Medium,Clear,Medium,Weekday,60.887213706719244
5.220048398943875,22.308076924613864,Night,Low,Clear,Low,Weekend,36.25071571533989
3.277441979339973,6.69640543027289,Morning,Medium,Rainy,Low,Weekend,23.205233639324938
7.414688256668931,17.41130384679942,Morning,Low,Clear,Medium,Weekend,50.653344630225014
18.915284374337865,40.44102791611269,Night,Low,Rainy,Medium,Weekend,121.6196522187222
7.14085570839435,15.154226918395148,Morning,Medium,Rainy,Medium,Weekend,51.792036605524494
10.857021813123955,49.5773062888737,Afternoon,Medium,Rainy,High,Weekday,104.82910093743617
14.35736021900838,59.02272851218278,Morning,Low,Rainy,Low,Weekend,109.49255339074803
7.908962445206585,27.068593910667552,Afternoon,Medium,Clear,Low,Weekend,53.29546765508815
19.463859571698254,44.640410236074686,Afternoon,Low,Rainy,High,Weekend,147.79187007870775
19.286498603900114,67.01764387508798,Night,Medium,Clear,Medium,Weekday,130.69816232989646
5.7838636206819185,19.783215692676524,Morning,High,Rainy,High,Weekend,76.1249108787003
10.447721611955323,26.324137982380467,Night,High,Clear,High,Weekday,93.1240142725588
6.716687886518623,22.175514123985707,Morning,High,Rainy,High,Weekend,87.75563421552056
6.411969393171884,20.489539266313916,Morning,High,Clear,Low,Weekend,54.35168368836203
1.700851999736123,6.544113611901646,Evening,High,Clear,High,Weekday,39.9661831553853
12.58172234561804,49.13516062728081,Morning,Low,Rainy,Low,Weekend,100.98447561171244
10.550901441348369,22.535797308704915,Night,High,Rainy,Low,Weekday,82.34049466084517
1.9780962737497978,6.17925199877647,Afternoon,High,Rainy,Low,Weekday,27.79084188449002
6.294282820495617,24.406583587542094,Morning,High,Rainy,Medium,Weekend,59.30397799063185
18.257051833366422,64.07145792316098,Evening,High,Clear,Low,Weekday,130.99845350090013
5.551675922672476,25.368213933361297,Night,Medium,Rainy,Low,Weekend,43.69083173905943
3.7530025697332388,14.922241815864936,Morning,Low,Clear,Medium,Weekend,27.815159602608084
10.299602445273697,25.63368436130888,Night,High,Clear,Low,Weekday,71.1672716667775
19.727358628101413,43.63112221991536,Evening,High,Rainy,High,Weekday,154.42661835647397
5.599050158718508,21.988913602251717,Evening,High,Clear,High,Weekday,63.196335376165216
13.770575400711692,28.63637880377864,Night,Low,Clear,Low,Weekday,82.96295893898521
15.470772691245633,58.128747980383366,Morning,Medium,Clear,Medium,Weekend,109.19852068556413
5.5151133358555935,26.58665570148371,Afternoon,Low,Clear,High,Weekend,53.15939890807709
14.836110623625332,55.28561693926981,Evening,Medium,Rainy,Medium,Weekday,113.01781681744544
7.987879521665811,25.27772285674644,Morning,High,Rainy,Medium,Weekend,78.41479836989704
13.01381078127801,51.14251502045868,Morning,High,Rainy,High,Weekend,125.35585683137819
13.037064504457,43.996946486989316,Afternoon,Low,Rainy,Medium,Weekend,91.2733173394173
11.17971899742041,40.65896514932148,Evening,Low,Clear,High,Weekend,88.1529875050638
2.715505631033758,13.10067023102584,Evening,Medium,Clear,Medium,Weekday,18.88654876675613
16.87074741619552,53.283015069582106,Morning,Medium,Rainy,High,Weekday,131.02079313042083
7.094821234462981,34.64806813667602,Morning,Low,Rainy,Low,Weekend,55.84223869260266
4.54385169759723,21.429040549312866,Afternoon,Medium,Rainy,High,Weekday,57.20581514745104
1.7747276895405144,4.591883223912399,Afternoon,Low,Clear,High,Weekday,25.063593401029774
12.226965920576594,26.99816662717571,Evening,Medium,Rainy,High,Weekday,98.58251733426113
13.873722875003367,31.941943939028107,Night,Low,Rainy,High,Weekend,114.27152340560733
1.315168749629267,2.7022318262328673,Evening,Low,Rainy,Medium,Weekend,14.745195491640972
10.729768107686338,24.499589420315974,Morning,Low,Clear,Low,Weekend,59.97153522518813
5.303419728760821,21.47365424856238,Evening,Medium,Clear,High,Weekday,50.25946330681754
13.258283017779547,29.34808378237589,Night,Medium,Clear,Medium,Weekend,84.81758306566888
4.312962151094837,12.75311376392551,Afternoon,Medium,Clear,Low,Weekend,31.325218991021714
14.127817023946854,64.06436545217367,Night,Low,Clear,Low,Weekday,105.26446608388892
8.347971579710212,17.278763533802973,Night,Medium,Clear,Low,Weekend,47.25570604964203
18.797869785997957,83.52655701351438,Night,Medium,Clear,Low,Weekend,139.51214052691049
3.6128979387738718,10.280733481984914,Afternoon,Low,Clear,High,Weekday,43.089351825047146
7.4802606699549115,17.612232477800653,Night,High,Rainy,High,Weekday,75.730311439225
3.155996903571192,12.908694816619073,Night,Low,Rainy,Medium,Weekday,30.026481438452876
18.569178747292693,72.17521392564575,Night,Medium,Clear,Medium,Weekend,139.0355105176969
17.66944771423864,81.85223301964916,Morning,Low,Clear,Medium,Weekend,125.57398369870083
5.900890926587957,24.814504011515577,Night,High,Rainy,Low,Weekend,51.38627329247895
13.539696874649401,59.71605847521519,Afternoon,Low,Clear,Low,Weekday,104.47103578317859
16.527221803823103,47.03818741934349,Night,Medium,Clear,High,Weekday,126.83822658731006
11.548815420389785,29.245280458950145,Night,High,Clear,Low,Weekend,80.08188071353688
11.063360988764122,47.039687860211274,Afternoon,Medium,Rainy,Low,Weekend,86.27168996458582
5.595193527108582,24.73357658600077,Night,High,Rainy,Low,Weekday,52.21808067759853
2.768952588312085,13.76589050666175,Afternoon,High,Rainy,Medium,Weekday,39.17246955793981
18.047099401113208,58.4338554918572,Night,Low,Rainy,Medium,Weekday,133.28199332835163
18.10794308610328,56.42533314581697,Afternoon,Low,Rainy,High,Weekday,139.0393577946335
13.028927688192091,56.40534034143198,Night,Medium,Clear,Low,Weekend,97.73281850560791
7.441566029925313,22.49146820392605,Night,Low,Rainy,Low,Weekday,58.77218353854175
7.634981917640557,36.58890988736522,Morning,Low,Clear,High,Weekend,74.35844898629108
14.793157898534549,67.68222193745677,Morning,High,Clear,Low,Weekend,115.38535455846929
18.045094939098966,59.31390373506382,Night,Low,Rainy,Low,Weekend,126.10930564835927
17.85464206103723,75.92888657029248,Night,High,Rainy,Medium,Weekday,136.00379141797538
15.817635371294854,67.44052290543075,Evening,High,Clear,High,Weekday,134.9750912466391
